GrLivArea,BedroomAbvGr,Neighborhood,TotalBsmtSF,SalePrice
2001,3,Veenker,237,185136
1390,1,SawyerW,941,125145
1036,4,Gilbert,115,113837
1474,1,OldTown,437,101421
1972,4,OldTown,712,140622
1061,5,StoneBr,609,171539
1090,4,Veenker,1039,151574
1751,3,NridgHt,1007,143468
1400,2,NoRidge,1213,192870
1791,5,Veenker,1163,208858
1494,2,Sawyer,1299,123082
1816,3,Blmngtn,899,133414
1034,4,SawyerW,1006,139054
1495,5,SawyerW,1079,151911
1405,5,NridgHt,950,148574
953,1,Timber,761,108996
796,5,Sawyer,784,127425
1809,1,Crawfor,614,133302
1342,3,StoneBr,1048,148910
1040,5,BrkSide,867,131457
1457,4,Sawyer,668,115618
2008,5,NWAmes,668,162073
480,2,NoRidge,476,91985
827,2,ClearCr,1243,122971
1085,2,Timber,928,116133
2158,2,Gilbert,598,147753
1627,4,OldTown,1183,186414
1845,3,Timber,704,164512
987,4,Sawyer,408,118161
996,3,OldTown,1257,108078
1702,2,BrkSide,712,113535
1526,1,Mitchel,757,88001
1747,3,Veenker,914,192458
1416,5,Sawyer,1300,171220
1625,5,StoneBr,907,207823
1571,2,Veenker,480,139531
1850,3,StoneBr,1090,214367
1863,4,Timber,730,142892
771,4,Mitchel,1561,116753
489,1,Gilbert,900,73712
1951,3,Crawfor,118,189858
2034,1,SawyerW,1025,153744
1041,1,NridgHt,1581,105833
663,4,NWAmes,1452,102309
1545,1,Veenker,1541,150047
1919,2,Blmngtn,543,120732
2309,3,BrkSide,1219,138173
1732,4,ClearCr,647,202366
1333,3,NridgHt,979,169368
1098,1,Timber,454,110955
1505,4,SawyerW,674,135600
1365,5,NoRidge,663,213019
1043,5,NWAmes,1214,145627
2422,4,BrkSide,1180,172054
2303,3,BrkSide,997,168406
2011,5,CollgCr,427,152818
1086,3,Sawyer,791,139484
1885,1,Crawfor,639,142505
1788,5,SawyerW,1204,216352
1699,2,NridgHt,1312,153696
2062,5,ClearCr,1270,183458
1786,2,SawyerW,636,116514
1833,5,NWAmes,0,164538
1787,3,Blmngtn,282,130220
1653,3,OldTown,1398,133814
697,2,Somerst,760,86709
1538,5,ClearCr,637,141751
1250,1,NWAmes,1475,122950
924,3,Veenker,1343,133763
2257,2,BrkSide,909,130180
2278,3,Timber,797,210333
2112,2,NoRidge,854,187467
1615,4,BrkSide,980,169802
2108,2,Crawfor,1460,167918
1505,1,NridgHt,1048,152007
1591,1,BrkSide,1154,116246
1008,4,Somerst,1309,117155
1679,2,Mitchel,491,146987
1527,2,Edwards,1164,116004
914,4,NridgHt,797,161982
1477,2,ClearCr,19,106343
1464,2,OldTown,155,101104
2309,2,Crawfor,544,146115
1902,2,Timber,1086,181094
1505,4,Gilbert,940,172155
1612,3,NridgHt,965,183858
1520,5,Veenker,1583,247030
1409,4,Somerst,456,165952
1013,1,SawyerW,890,111961
1432,2,Timber,1007,115705
1164,2,OldTown,642,93041
937,3,Timber,910,109723
1730,2,StoneBr,340,171790
1676,5,NWAmes,1393,193544
696,2,ClearCr,661,80808
1445,3,Somerst,1611,156627
1948,1,Mitchel,889,107899
1977,5,NridgHt,1260,233385
1962,5,Gilbert,881,162913
1518,4,Crawfor,889,179278
1120,2,Timber,696,124140
1012,1,NoRidge,942,165022
1655,4,Timber,1011,189325
1671,3,CollgCr,626,143530
2079,5,Timber,856,219558
1995,4,Timber,686,148846
1440,3,Timber,1705,147424
940,5,Gilbert,869,153299
1356,5,BrkSide,1441,121654
1598,3,NridgHt,832,171069
1409,1,Mitchel,991,101470
1240,1,Timber,438,111075
1614,3,Edwards,744,107778
1273,3,BrkSide,974,128438
1217,1,Sawyer,1455,113732
1640,1,Edwards,978,128927
1319,4,CollgCr,1384,166562
1610,4,Crawfor,1124,162837
1623,1,Mitchel,1470,126753
987,3,Crawfor,879,111104
1283,1,OldTown,1737,120116
2147,4,NridgHt,730,222531
977,5,Gilbert,632,194065
548,5,BrkSide,476,89516
662,3,StoneBr,1716,139144
1513,4,Edwards,1187,129069
1514,5,Veenker,783,190643
1447,4,SawyerW,1337,167651
2046,3,Edwards,1141,142776
480,4,Gilbert,1588,134823
1678,3,Edwards,358,109257
2203,5,Sawyer,807,203744
992,3,Veenker,738,141691
1329,5,Edwards,209,122559
1161,1,Timber,1271,116635
1098,1,Somerst,805,144947
1353,1,Edwards,1159,93852
2142,3,CollgCr,1726,204747
2327,4,NWAmes,776,167269
1349,2,OldTown,753,135162
2357,1,Blmngtn,942,151857
1516,5,NoRidge,1246,205059
2289,4,Mitchel,702,181588
1458,4,OldTown,679,134794
1559,3,Blmngtn,1270,133128
1664,3,StoneBr,1033,203944
2930,1,CollgCr,184,159889
1883,1,Mitchel,471,122681
1182,5,Timber,1425,171050
1936,2,Veenker,1041,177161
1337,4,StoneBr,633,178572
1280,4,Somerst,840,148237
1909,2,ClearCr,905,136828
1514,2,Somerst,1158,172580
1625,4,OldTown,425,115948
1506,1,Gilbert,606,130651
1651,3,Crawfor,996,157239
1691,5,Edwards,865,184586
628,4,Sawyer,1100,95232
1800,4,Timber,470,149454
1058,1,Blmngtn,1025,88596
851,1,Gilbert,1282,113847
1474,2,OldTown,1070,100596
1538,2,OldTown,949,111901
1188,1,OldTown,866,75180
1874,5,Timber,608,188963
896,1,Somerst,875,95228
1317,4,NoRidge,1341,164540
1237,3,NWAmes,858,150086
1479,4,CollgCr,589,132262
1625,2,Veenker,728,164266
1046,2,Veenker,970,119163
1826,4,SawyerW,769,196149
1528,2,SawyerW,1070,146682
649,4,NridgHt,1083,120403
619,1,BrkSide,1211,73177
1494,1,NridgHt,1398,166798
1401,4,Crawfor,1249,166529
1453,4,ClearCr,573,144472
1487,1,Sawyer,584,125788
1602,5,ClearCr,873,158916
1926,1,Crawfor,742,144468
1000,5,BrkSide,502,135960
973,4,NridgHt,745,165919
1008,5,BrkSide,734,123547
1630,5,BrkSide,665,146088
2060,2,Crawfor,789,130145
1306,4,NWAmes,1312,137577
480,2,Mitchel,970,85583
733,3,Somerst,1765,123615
1125,2,NridgHt,960,141580
1249,3,Gilbert,798,157414
1316,5,Edwards,901,117620
1517,3,NWAmes,990,141913
1360,1,Blmngtn,1052,113014
1972,2,Veenker,1627,170118
1196,4,NWAmes,604,160947
1112,3,Crawfor,1201,160104
1715,3,NWAmes,973,158593
809,3,Blmngtn,350,117992
1675,2,NWAmes,1170,120473
1546,3,ClearCr,1344,156549
1434,4,BrkSide,600,137073
2215,5,NridgHt,897,209062
1220,4,BrkSide,296,121735
2427,5,Mitchel,459,160111
1399,5,SawyerW,1267,183922
925,1,Blmngtn,737,102698
1531,2,Mitchel,512,123601
1016,2,Timber,980,95388
1162,1,Mitchel,717,90685
1679,1,NridgHt,735,157623
1750,4,Timber,1159,179370
1220,2,BrkSide,493,74595
1944,1,SawyerW,583,147539
2021,2,Mitchel,954,145771
2146,2,Veenker,1239,164031
1738,1,Veenker,1333,174827
2114,1,BrkSide,667,112851
654,4,ClearCr,1228,109750
1357,5,Crawfor,626,174752
1110,3,BrkSide,1539,155745
1554,4,NridgHt,503,212853
1243,5,NoRidge,1365,218152
1425,5,NridgHt,670,198551
2347,1,Somerst,1605,183515
1424,5,Timber,1107,151939
1686,1,Edwards,544,111602
1395,1,Sawyer,717,98283
1534,3,NoRidge,1173,195772
1503,4,BrkSide,1268,143844
1702,1,StoneBr,875,166097
2024,2,CollgCr,916,159952
2241,2,SawyerW,1165,110301
1639,2,BrkSide,946,127089
1765,5,NridgHt,447,214249
982,2,Gilbert,615,119698
1460,2,OldTown,982,115199
1923,1,Somerst,1325,179250
1890,1,Gilbert,1466,160977
1595,1,Crawfor,1173,148567
1899,3,Edwards,1001,154581
1721,3,Veenker,1162,184576
2040,3,Gilbert,667,149653
1630,5,Gilbert,846,136618
1340,3,Veenker,612,138694
1651,1,SawyerW,463,127788
480,2,OldTown,1017,73657
1672,2,Timber,965,160001
480,5,CollgCr,1141,120887
724,2,NoRidge,1091,149312
1703,1,BrkSide,985,113252
1715,4,NoRidge,1095,223397
977,3,Somerst,885,130590
1180,1,Gilbert,1045,143789
2117,4,Crawfor,646,151764
1282,2,NridgHt,1029,141399
2509,5,Veenker,1134,267844
1499,5,NoRidge,666,244359
1684,2,Edwards,918,121738
2228,3,Timber,682,164207
1559,3,NoRidge,716,193938
1049,4,Somerst,506,143548
1451,1,ClearCr,1343,124581
1484,2,Blmngtn,1273,133379
886,1,Edwards,1088,99808
1385,4,BrkSide,1590,188269
1166,1,NWAmes,834,119436
1916,3,Gilbert,1961,198201
1516,4,Edwards,820,130146
1373,5,Somerst,989,179352
1452,2,CollgCr,761,132447
1600,1,Crawfor,1030,141349
1778,4,Blmngtn,1192,141019
1050,1,OldTown,860,108198
1031,1,BrkSide,1522,90568
1997,5,BrkSide,984,163895
1314,5,Timber,995,170175
862,4,Veenker,582,169036
1700,5,Veenker,1046,192746
1709,1,Mitchel,853,112245
811,1,BrkSide,687,78165
1603,2,NridgHt,628,188014
1831,1,BrkSide,1835,98011
1668,5,OldTown,808,135252
1784,1,ClearCr,390,170401
868,3,Crawfor,656,128935
1649,5,Edwards,882,129844
1364,4,Sawyer,1091,142269
1283,2,BrkSide,1094,116014
1892,3,Timber,1137,188203
2166,3,Mitchel,674,191232
2307,4,Blmngtn,1019,182319
2092,3,Somerst,593,150252
1451,2,Sawyer,683,129161
1659,4,Sawyer,579,131917
1845,5,StoneBr,484,185545
1555,3,OldTown,1272,109603
1559,1,Somerst,1141,108776
1871,3,CollgCr,1242,155878
1473,5,NWAmes,914,145296
1172,5,Timber,1172,171259
1313,3,CollgCr,284,112595
1785,1,ClearCr,1202,95122
1501,3,Sawyer,962,118772
1653,5,Crawfor,1119,184670
1802,5,Somerst,1033,175565
1331,1,Sawyer,555,123323
1840,2,Somerst,376,126128
1670,3,Veenker,651,179699
944,1,Gilbert,1098,110636
2149,5,NridgHt,1142,237774
1275,1,Crawfor,421,103980
755,4,Somerst,557,114030
1030,5,Mitchel,647,120703
1041,4,Gilbert,775,142369
1523,4,SawyerW,423,138612
1377,2,SawyerW,402,103776
1348,5,ClearCr,612,175537
1779,3,SawyerW,930,159365
1653,1,Somerst,487,115506
1642,2,Veenker,859,155601
1684,2,Gilbert,1270,153983
1777,3,ClearCr,444,130683
551,2,Blmngtn,828,82655
1336,3,Mitchel,1259,127263
519,3,Mitchel,754,79237
1516,2,CollgCr,699,111467
1498,4,Crawfor,1307,170686
1970,2,Sawyer,793,145135
2034,4,Sawyer,1287,159764
1591,2,NWAmes,1050,187656
1275,5,Somerst,780,175466
1718,2,Timber,1068,174552
1262,1,BrkSide,1012,114700
1499,1,Timber,1257,167398
1944,5,Blmngtn,708,152316
1249,5,Somerst,914,117425
1863,2,NoRidge,878,170911
1805,4,Blmngtn,1146,171099
1070,3,Gilbert,541,128031
1938,1,Somerst,1256,151053
1814,3,Gilbert,1063,197377
1546,4,Sawyer,439,142859
1157,5,ClearCr,1323,179424
1113,5,Mitchel,1682,142377
1258,1,Blmngtn,1251,96717
1744,2,ClearCr,1399,186055
1070,3,NoRidge,930,159053
1697,1,Crawfor,318,118043
941,3,Sawyer,255,93257
1408,1,CollgCr,989,117202
1549,1,Somerst,693,112425
2600,1,OldTown,580,110551
880,2,Blmngtn,878,81998
2162,4,Blmngtn,1115,167804
1567,1,Crawfor,392,115925
1685,5,ClearCr,743,198830
1553,2,Veenker,1428,168585
1700,1,SawyerW,524,122987
1431,2,StoneBr,1204,151631
2154,4,ClearCr,730,175154
1295,1,Mitchel,1091,117476
2010,1,ClearCr,1284,160771
1210,5,Crawfor,1159,171233
1473,3,Sawyer,1218,157998
1018,2,BrkSide,497,96054
1705,4,Somerst,1290,194695
2150,5,CollgCr,602,184961
1465,2,SawyerW,991,104763
1411,3,NWAmes,990,146395
998,1,Gilbert,1070,123111
1397,2,OldTown,1018,123374
783,3,NWAmes,605,111643
1089,1,StoneBr,428,117061
1602,5,Veenker,1205,183958
2094,5,SawyerW,965,204266
2764,2,SawyerW,1302,187289
1236,2,NWAmes,884,114123
2146,1,Mitchel,408,142894
1610,3,CollgCr,1238,146630
1432,1,ClearCr,770,110709
1695,2,Blmngtn,1020,158620
1528,3,Mitchel,673,147210
1550,4,CollgCr,1476,172584
1316,3,Crawfor,593,145137
871,2,Veenker,782,119523
805,4,Timber,938,91366
1794,4,ClearCr,518,143021
1375,4,Crawfor,1016,163741
1232,3,SawyerW,1464,135256
1504,5,NoRidge,728,211341
1858,2,NWAmes,1038,169011
1581,5,Edwards,0,122840
1205,2,NridgHt,886,125615
2052,2,StoneBr,790,188032
2211,3,CollgCr,614,162906
1723,3,NoRidge,1279,197060
1938,4,Somerst,786,167171
2059,2,Somerst,838,199568
2009,5,Blmngtn,768,130871
1776,2,SawyerW,229,120016
1769,3,Somerst,504,147427
1734,5,Blmngtn,1236,157333
1006,3,BrkSide,162,109639
1815,4,Sawyer,632,165483
890,5,OldTown,760,117106
1142,5,Crawfor,1510,172688
2087,3,ClearCr,1169,170567
1878,3,CollgCr,705,158411
2169,1,NoRidge,1357,188827
1378,3,Mitchel,641,123719
981,5,Somerst,1253,157385
1392,3,Crawfor,424,153066
1546,2,CollgCr,1276,128411
1536,1,NridgHt,758,125598
2010,2,Blmngtn,540,105574
1337,2,Crawfor,824,149640
1658,5,Somerst,997,186987
1055,3,Sawyer,727,119831
1703,1,ClearCr,1094,112731
1501,1,NridgHt,696,173272
1163,5,SawyerW,1117,142842
1394,5,Edwards,1055,144944
1417,4,OldTown,879,147479
1378,1,NoRidge,746,128057
2297,1,StoneBr,953,168004
1456,1,Timber,1093,131992
1390,4,CollgCr,1622,248226
556,4,NridgHt,1229,136242
1098,5,Veenker,1242,212070
1382,1,SawyerW,1981,157355
1191,1,Timber,1081,124296
2122,5,Crawfor,1070,191136
1426,5,OldTown,1146,170881
2080,4,Crawfor,547,152187
1528,1,Edwards,745,123863
1517,1,ClearCr,723,123631
1460,1,Veenker,1127,101865
1502,4,OldTown,839,130062
2273,5,Blmngtn,948,200481
480,4,Somerst,1281,105696
599,2,Crawfor,1202,114232
1256,4,BrkSide,843,116440
1507,1,Sawyer,666,93944
1811,5,Gilbert,1297,202812
1713,5,Somerst,1171,189466
1327,4,Blmngtn,338,119827
1959,5,Sawyer,790,199138
1964,3,Somerst,958,148900
1583,3,Blmngtn,1173,145840
1933,2,ClearCr,1219,156989
1623,5,BrkSide,999,131683
1247,4,CollgCr,1105,133196
1814,1,Edwards,922,112850
1550,5,Sawyer,664,194135
1501,1,Crawfor,809,139533
2163,3,Gilbert,907,143960
480,1,StoneBr,888,66413
862,4,Veenker,240,138065
966,3,SawyerW,761,114061
1337,3,Crawfor,920,169915
1385,4,SawyerW,802,130626
822,4,OldTown,814,110869
1057,2,CollgCr,1071,137075
1113,5,Blmngtn,522,122885
2606,3,Crawfor,330,170131
2311,1,Edwards,778,122423
1315,1,NoRidge,1167,160800
1336,2,ClearCr,1491,139103
983,4,SawyerW,1174,150491
641,3,Timber,386,93824
1447,2,OldTown,819,96676
1051,3,BrkSide,990,143709
1462,5,Gilbert,962,165651
780,3,Timber,1089,110681
1157,1,StoneBr,579,126895
1567,1,CollgCr,923,132095
1665,3,Gilbert,1047,154803
1688,3,Veenker,1189,175649
906,5,Somerst,618,133913
1885,3,Timber,779,164309
1140,4,Mitchel,0,86955
1785,3,Timber,682,194286
1495,2,BrkSide,716,113694
881,4,Mitchel,543,121323
1358,4,NWAmes,958,127501
1664,4,Sawyer,880,142038
1776,1,SawyerW,109,105157
1437,4,Edwards,975,156475
2189,2,ClearCr,575,138848
1953,4,StoneBr,1070,237448
1385,4,SawyerW,451,127380
1838,4,Edwards,911,136167
2370,5,Somerst,801,198633
2382,3,OldTown,1006,181321
947,1,Crawfor,944,88110
1083,4,NWAmes,811,114782
2168,4,ClearCr,362,133488
1024,1,OldTown,383,74907
905,1,Crawfor,696,94915
1281,2,Gilbert,897,108361
1689,5,Blmngtn,687,144141
1454,3,StoneBr,1119,140126
1207,5,Mitchel,802,127661
1197,5,BrkSide,562,151710
1179,3,Sawyer,803,125140
1104,4,Mitchel,979,134966
2527,2,Mitchel,1014,140968
1634,1,Mitchel,1557,110330
1899,2,Blmngtn,666,113030
1280,3,SawyerW,874,130544
1416,1,StoneBr,1049,165234
1179,2,Timber,892,138971
480,1,Blmngtn,725,76564
880,4,Veenker,358,118721
685,5,StoneBr,721,147523
488,5,Veenker,524,111710
962,2,BrkSide,296,88916
2096,3,Edwards,622,171462
1480,5,NWAmes,534,128186
2081,3,Crawfor,1104,177778
1685,2,NoRidge,1110,207120
1852,2,Timber,584,120096
1095,4,Somerst,809,127407
1736,3,Somerst,250,132191
1828,5,ClearCr,727,174890
1241,5,Crawfor,1040,141851
1752,1,ClearCr,1189,147523
1755,4,ClearCr,650,174595
1253,2,Edwards,1268,117451
995,3,Crawfor,370,109269
967,2,Crawfor,463,113491
1539,2,Somerst,1148,127103
1647,2,Edwards,1485,122625
1143,1,Crawfor,1073,157130
1512,4,BrkSide,886,141548
1757,1,Crawfor,132,108817
1778,2,Sawyer,192,121314
2198,1,CollgCr,945,128711
2075,1,NridgHt,775,140146
1049,2,CollgCr,513,100249
2258,5,NoRidge,923,237148
1261,5,NoRidge,940,220657
1970,2,Timber,1231,173542
1531,3,CollgCr,948,162775
1315,5,OldTown,1330,131172
687,2,Edwards,903,77685
1423,5,Sawyer,860,157249
798,1,NridgHt,1273,110181
1935,2,Timber,558,140497
2183,2,OldTown,1885,166343
1141,1,Timber,1031,111294
1636,5,Somerst,1033,186404
1174,5,Blmngtn,1084,174425
1217,2,Sawyer,1557,122257
1849,5,SawyerW,1177,215841
1483,4,StoneBr,338,185367
2283,5,Timber,1391,188094
1283,5,StoneBr,781,165774
1950,3,Sawyer,938,135215
1544,1,CollgCr,452,109533
1858,5,BrkSide,1084,168207
1299,4,NoRidge,672,190483
1478,5,ClearCr,935,197371
1448,5,Mitchel,801,161056
1124,1,Mitchel,1574,108333
1798,3,Mitchel,1594,126848
1793,1,Gilbert,916,140897
1767,1,Edwards,922,111813
2192,5,Blmngtn,769,181613
2152,5,OldTown,1287,234687
1331,5,Somerst,785,186465
1668,5,CollgCr,753,198316
1219,4,CollgCr,1243,140641
1511,3,NWAmes,712,131423
1230,5,ClearCr,887,154716
2229,3,Sawyer,347,131816
1664,4,ClearCr,1146,180353
1402,2,Veenker,1579,166642
2037,4,Veenker,1152,179971
523,5,StoneBr,1412,170919
594,4,Veenker,604,117676
1858,3,CollgCr,983,135298
1527,1,OldTown,570,102435
1613,1,ClearCr,820,129911
903,4,NridgHt,1170,175233
1490,4,Veenker,936,167452
2402,4,StoneBr,406,236416
1871,5,StoneBr,440,214625
1576,3,Timber,417,120861
1302,5,ClearCr,1072,138923
1322,4,Mitchel,1622,178737
542,2,Blmngtn,1377,102098
1616,5,Somerst,236,166493
1880,1,Timber,1397,179839
791,3,Edwards,1228,112853
1202,5,Timber,359,160131
979,4,Gilbert,794,122447
1066,5,Gilbert,1283,202642
1524,1,Gilbert,1093,143082
562,3,Timber,442,91048
1776,4,SawyerW,1114,155516
1839,4,Crawfor,152,168187
1387,5,Timber,822,137065
480,3,Sawyer,1298,99808
1052,4,Somerst,906,122612
2055,3,Sawyer,725,154706
480,5,Blmngtn,1211,98774
1344,1,StoneBr,1241,145310
969,2,StoneBr,1359,132612
1862,1,BrkSide,1206,123451
1196,4,Timber,1278,195689
1682,2,NWAmes,1157,170221
1754,2,NridgHt,993,176252
2326,5,Gilbert,931,214436
1409,2,Mitchel,817,133930
1669,1,Mitchel,476,130317
832,1,Veenker,566,93254
2036,2,Crawfor,801,158343
1158,5,OldTown,985,108526
1248,3,BrkSide,1404,147783
1490,5,Crawfor,885,231646
797,2,OldTown,1251,96529
1603,2,Edwards,1278,94799
1935,1,Mitchel,819,137055
1632,2,NWAmes,1108,126811
785,3,NWAmes,815,101230
1444,5,Sawyer,1363,178030
1834,2,NWAmes,1123,153276
655,4,SawyerW,483,97621
1016,4,Somerst,957,126420
1894,2,OldTown,1477,141972
1622,5,NWAmes,837,163811
1685,3,NoRidge,1057,168483
2337,1,NridgHt,1091,171441
1711,5,Mitchel,537,166423
1796,5,Somerst,1079,185840
2720,1,Timber,412,127852
1404,5,Blmngtn,681,164154
1141,5,NridgHt,1277,135407
1693,5,ClearCr,1025,172458
1698,2,StoneBr,793,155199
1263,4,BrkSide,1056,135837
1035,3,SawyerW,879,129104
2539,4,Somerst,904,226084
1647,4,BrkSide,1130,138026
1170,4,Sawyer,645,134931
1912,3,Blmngtn,914,149599
1451,4,StoneBr,791,149733
1386,3,BrkSide,345,144414
1753,1,Gilbert,578,110706
919,1,NoRidge,1449,143413
1659,5,Timber,1035,194984
2361,5,Sawyer,437,182240
1710,3,Sawyer,361,122297
1331,1,SawyerW,861,125191
1272,4,Gilbert,1446,138571
1315,1,Veenker,835,127434
1386,2,Somerst,1357,130822
1330,2,NoRidge,1023,147938
1912,1,SawyerW,1065,142843
720,5,CollgCr,432,140521
1888,3,NoRidge,1228,198655
1329,2,Edwards,783,115558
1670,3,NridgHt,1202,186087
993,1,Sawyer,615,82904
2098,3,StoneBr,962,196708
2061,3,ClearCr,1023,162305
1932,2,Crawfor,846,144787
818,5,Blmngtn,1042,130953
1873,2,Gilbert,807,155954
1682,1,Gilbert,673,108400
778,3,Veenker,1462,110571
1489,5,Gilbert,1267,197688
1664,2,SawyerW,634,117925
1750,1,Edwards,1099,118213
1580,5,Veenker,640,203299
1631,3,Sawyer,485,111329
2163,1,ClearCr,1262,128027
2052,4,SawyerW,304,193728
480,2,Crawfor,1224,101487
1357,5,Blmngtn,812,139446
1426,2,Blmngtn,826,105440
712,3,NoRidge,1043,128558
1542,3,Timber,1103,134782
2062,2,OldTown,611,141467
1011,3,Edwards,1151,98413
1651,1,BrkSide,940,131197
1088,4,Timber,460,126629
1198,4,Blmngtn,841,114067
2165,5,Timber,1383,208162
1256,2,ClearCr,1487,99126
1708,2,Blmngtn,1151,131446
658,3,Veenker,483,107178
2338,4,Mitchel,1072,201067
1771,5,NridgHt,1198,177272
1418,1,Edwards,1154,121196
1759,2,CollgCr,1175,170624
866,2,Veenker,1027,141123
2032,2,Sawyer,875,138168
1354,3,Gilbert,687,159453
1408,5,NoRidge,236,155487
1279,1,NoRidge,1019,158719
1239,5,Crawfor,965,154778
1813,4,Edwards,1095,120547
1615,4,CollgCr,432,136922
1793,4,Edwards,1126,147085
1496,1,BrkSide,1619,110818
1731,4,BrkSide,927,155744
1312,2,NridgHt,878,118639
2503,3,Sawyer,1008,130003
794,4,SawyerW,1611,155320
2067,4,SawyerW,542,183626
2116,2,ClearCr,971,137381
1117,2,Timber,620,117124
2503,3,Sawyer,709,181304
1948,1,BrkSide,883,128485
1937,4,Mitchel,1372,179171
1513,1,Edwards,1530,130616
1402,3,Crawfor,1057,141274
1406,4,ClearCr,768,150331
1676,1,StoneBr,1772,177417
2131,5,Crawfor,750,198900
1582,2,Timber,700,130264
1090,1,Crawfor,279,106623
1871,4,NridgHt,1389,216932
1915,3,Veenker,1239,164776
1795,4,BrkSide,1746,188123
1835,4,Gilbert,414,147942
1378,3,SawyerW,1410,142737
1082,5,OldTown,925,125753
1109,2,ClearCr,1182,128899
764,3,SawyerW,323,76599
1607,1,NoRidge,1414,188800
1462,4,NridgHt,1175,174267
1302,2,SawyerW,886,141459
480,4,NWAmes,1126,98357
939,5,SawyerW,632,130585
2004,5,ClearCr,697,233830
1201,5,Timber,738,150957
1662,1,SawyerW,252,131471
874,1,Gilbert,1202,109836
2147,5,Mitchel,1317,207566
1435,2,Timber,655,131387
1631,1,NWAmes,1022,142546
2547,2,Sawyer,807,139443
2182,5,Somerst,1015,181288
1362,2,Somerst,680,116317
1233,1,Crawfor,591,117744
1354,4,Blmngtn,1268,141019
1729,1,Crawfor,878,151838
1453,2,Veenker,1608,190249
1322,1,ClearCr,916,104516
2160,4,Sawyer,576,146581
1449,3,OldTown,1329,111651
2535,5,SawyerW,1121,270702
1541,2,NWAmes,1154,144186
2303,2,Crawfor,1317,192662
1661,1,SawyerW,672,102712
1933,2,NoRidge,855,182480
1174,3,Sawyer,840,127210
1116,1,Blmngtn,448,90434
1707,3,ClearCr,808,171354
1945,5,NWAmes,1368,265172
1518,4,Timber,983,146691
921,4,Gilbert,429,111709
888,5,BrkSide,355,101941
858,4,Crawfor,1483,177795
705,4,NWAmes,868,130276
1549,5,Gilbert,673,171853
2006,1,Blmngtn,804,125515
1494,5,CollgCr,383,147965
483,2,NridgHt,1398,121650
1414,4,StoneBr,762,173117
1427,5,Blmngtn,1379,157928
2443,3,OldTown,918,166795
844,1,Crawfor,1400,110709
1324,2,Mitchel,990,117763
2268,3,StoneBr,1199,217501
1702,5,StoneBr,1152,247032
1753,5,Gilbert,1118,239431
1552,3,Crawfor,1022,171523
1648,5,Crawfor,819,205468
1850,3,BrkSide,1570,151889
1136,3,Edwards,583,95398
1895,5,CollgCr,902,210500
882,4,NridgHt,905,151580
1648,3,Sawyer,1041,119321
1580,3,CollgCr,750,144557
1223,4,Veenker,1010,161173
1490,4,BrkSide,841,129945
1220,3,SawyerW,346,142053
1018,1,Timber,903,115251
1341,1,OldTown,515,114310
1003,1,Somerst,293,99937
1645,3,Blmngtn,948,139340
982,4,BrkSide,1071,108188
1820,5,Somerst,1084,191353
968,2,OldTown,1099,100874
1245,4,CollgCr,224,115951
1219,4,Somerst,424,127097
2096,1,Sawyer,1591,139276
1649,2,ClearCr,533,138211
1405,2,SawyerW,1114,137806
1724,5,Timber,660,166695
552,5,Sawyer,928,113130
1481,5,Veenker,678,177379
2399,3,OldTown,1097,111986
1560,3,Blmngtn,948,127354
1531,2,CollgCr,743,155769
1747,4,StoneBr,532,156018
1903,1,NridgHt,994,163501
601,2,Somerst,476,107514
743,1,Timber,1050,89970
1595,3,StoneBr,1819,205918
1178,2,CollgCr,1373,115698
2090,1,Veenker,1151,198212
1358,2,Gilbert,870,132782
629,5,Blmngtn,221,100318
929,3,CollgCr,437,136496
480,5,Gilbert,1349,133902
1395,5,Crawfor,624,152340
1415,5,Gilbert,655,155327
1309,2,Gilbert,842,139628
1985,5,Veenker,528,185698
2039,5,NridgHt,471,163971
1423,5,ClearCr,882,164824
539,2,StoneBr,588,87102
1778,2,CollgCr,641,174032
1750,3,Mitchel,627,142274
1639,5,Mitchel,1083,152833
1942,5,BrkSide,819,153045
976,3,Crawfor,837,102948
2404,1,StoneBr,1109,164059
1068,3,SawyerW,850,137438
1837,4,Timber,803,226213
741,3,NoRidge,1065,151859
1081,2,CollgCr,1134,124776
2182,2,ClearCr,849,147160
1383,1,Somerst,928,107923
1878,2,Gilbert,626,189160
1607,4,ClearCr,599,150758
1453,2,CollgCr,1169,184078
2114,5,CollgCr,1056,246426
1394,1,CollgCr,1059,103457
699,3,Crawfor,998,107553
1139,3,CollgCr,916,124592
1748,5,Timber,1144,191445
1678,5,Edwards,1227,156150
795,3,Blmngtn,1219,154238
1174,4,Timber,865,127869
1238,4,Blmngtn,1385,146139
1336,3,Mitchel,980,141573
881,1,Somerst,1121,104221
1217,3,StoneBr,999,165285
1172,2,Mitchel,986,101696
1847,3,Veenker,642,170510
1864,4,NridgHt,1145,221144
1434,2,Timber,1896,163209
1324,2,Blmngtn,769,121494
1563,5,ClearCr,925,205496
1133,2,Crawfor,744,139489
984,1,SawyerW,729,99417
1077,4,StoneBr,1441,156237
1214,4,NridgHt,664,151111
976,5,Timber,734,139992
1573,4,StoneBr,344,183210
1828,5,BrkSide,635,149086
786,3,CollgCr,302,95296
1511,2,BrkSide,1121,107091
1401,5,NoRidge,1880,194325
1654,2,Crawfor,772,141879
1494,2,Crawfor,317,109605
846,5,NridgHt,1215,147065
932,5,Sawyer,646,118803
1513,2,Sawyer,1355,112653
1963,4,SawyerW,801,175429
504,5,Sawyer,679,109045
1656,4,Gilbert,838,159003
2035,1,Veenker,1165,153315
1431,4,StoneBr,820,195899
1748,1,BrkSide,726,104708
1184,5,Crawfor,830,148737
1446,1,Timber,455,135168
771,5,SawyerW,1039,143961
480,1,CollgCr,275,81393
1924,3,NoRidge,745,216861
1057,2,CollgCr,1166,99086
1295,5,Mitchel,1006,179965
876,2,Veenker,1107,129411
866,4,NridgHt,877,165729
1422,1,Sawyer,1309,123819
1172,3,Blmngtn,1224,126037
1670,5,SawyerW,1056,170667
1704,5,Gilbert,1225,206185
1644,2,Sawyer,1163,128066
1607,2,CollgCr,746,155029
2210,3,Veenker,430,145304
1020,3,Gilbert,1047,124695
1475,3,CollgCr,1091,196650
2010,1,CollgCr,1282,142228
2069,4,NoRidge,572,205216
860,2,StoneBr,583,111047
1359,2,BrkSide,1061,122046
2111,5,NridgHt,875,208638
1729,4,OldTown,240,128338
1588,2,NoRidge,1031,191221
1402,5,NWAmes,252,136556
1327,2,Veenker,569,147520
1630,3,SawyerW,1373,172235
1386,2,NoRidge,1539,200104
1481,1,NWAmes,475,115951
1535,3,Blmngtn,785,193099
1195,3,Edwards,915,126422
1739,5,BrkSide,1523,183736
2811,2,Sawyer,727,140474
700,5,Timber,733,125164
1646,4,Mitchel,1442,197287
1158,1,Gilbert,769,140410
1760,4,StoneBr,1153,250975
1521,3,Edwards,383,124613
1843,2,BrkSide,840,110532
2029,3,Crawfor,319,170513
1587,2,Mitchel,531,104870
2009,4,Blmngtn,1194,140983
480,3,Sawyer,883,88732
2216,3,Somerst,788,180071
1669,2,OldTown,638,130382
1985,2,Edwards,823,132542
951,3,Sawyer,1005,120347
1126,3,NridgHt,1244,140995
1566,2,Mitchel,0,110394
1492,3,Gilbert,609,121150
1627,2,OldTown,956,95484
1988,3,ClearCr,865,176906
706,1,Crawfor,1041,91619
1938,3,Crawfor,994,193849
1504,4,BrkSide,793,157281
1408,5,Sawyer,716,137703
838,4,NridgHt,814,154171
1726,4,OldTown,1302,142077
480,1,ClearCr,644,61691
1792,2,BrkSide,878,129644
829,4,Crawfor,964,126515
1524,5,Crawfor,1446,188286
1446,3,Blmngtn,795,162131
2026,5,Crawfor,1236,180216
1420,2,Blmngtn,1331,132973
1188,1,Somerst,878,100285
1272,1,Veenker,826,141137
2073,3,Somerst,785,170343
1741,4,Gilbert,810,180760
1326,2,OldTown,1199,103441
1394,4,Timber,981,144729
795,4,Edwards,982,116230
1675,2,OldTown,506,142065
708,2,Gilbert,561,105243
1838,4,Blmngtn,1650,156143
1558,4,OldTown,838,143223
2574,1,Crawfor,629,212423
1005,2,OldTown,1401,108250
1454,3,StoneBr,999,208861
2309,3,NoRidge,1102,202274
2036,1,Blmngtn,852,126004
1187,5,Edwards,788,137789
1601,2,Edwards,841,120099
1501,2,Somerst,416,114534
1627,1,ClearCr,869,115228
1186,5,CollgCr,1004,183677
1460,2,Somerst,1548,169732
781,5,OldTown,930,137819
1561,3,BrkSide,83,144060
1703,5,BrkSide,867,161311
1398,1,Crawfor,1859,142595
773,1,Mitchel,1203,109991
1945,5,Veenker,616,219011
1664,5,Edwards,1107,136818
1173,3,NWAmes,640,110288
1374,1,Edwards,426,98987
825,5,Edwards,778,108464
1039,2,NridgHt,932,134952
1258,5,Sawyer,245,150182
2053,5,Gilbert,498,209439
1212,5,Edwards,904,153968
1788,4,Gilbert,757,137394
1258,4,Gilbert,1038,161311
1612,3,Somerst,475,153580
1436,1,Mitchel,1150,98563
1893,2,Timber,486,131628
1259,4,NWAmes,1475,142568
792,5,Sawyer,299,111416
878,3,NoRidge,518,166274
1261,4,OldTown,1046,165943
938,1,Sawyer,1482,93227
1685,3,Gilbert,1010,172621
1290,3,Sawyer,1097,138142
2569,5,NWAmes,906,220857
718,2,Blmngtn,541,90645
1592,2,Sawyer,728,127466
992,2,Timber,476,134029
1278,1,SawyerW,452,119738
1564,3,Edwards,1041,111471
480,4,StoneBr,507,127420
1607,5,Crawfor,1012,211530
2356,5,ClearCr,444,198919
1296,1,StoneBr,1004,163393
1617,2,Sawyer,729,126536
1961,2,SawyerW,1392,159813
1426,2,Sawyer,1013,124433
1239,5,Mitchel,1333,123860
480,1,Timber,636,78415
1788,1,Mitchel,920,115509
1449,5,Somerst,557,139379
1044,5,Sawyer,755,157233
1557,2,StoneBr,808,171786
1237,2,NWAmes,646,117410
1262,3,BrkSide,475,105467
1773,3,CollgCr,405,155145
898,5,Crawfor,81,147542
1971,3,Veenker,530,154019
871,1,Veenker,1120,113874
1202,3,StoneBr,341,163167
2365,3,StoneBr,421,155994
2007,3,Timber,1527,183526
1544,3,Veenker,677,149247
1077,5,Veenker,1012,165030
1262,5,Somerst,1125,155798
1533,2,Edwards,1132,119470
1517,2,NWAmes,367,154606
1459,4,BrkSide,819,131332
1486,3,NoRidge,334,169826
1404,3,SawyerW,1756,197526
851,1,Somerst,342,85678
1268,2,Veenker,533,162900
1912,4,SawyerW,536,159397
884,5,ClearCr,376,157652
1415,4,CollgCr,1373,187040
1131,2,OldTown,1748,122451
1550,1,Timber,733,124613
1325,1,NridgHt,438,118661
2165,2,StoneBr,117,168720
1728,3,OldTown,815,147032
910,5,NWAmes,789,135360
1802,5,NridgHt,672,199209
1151,1,Crawfor,977,116405
1240,4,Mitchel,1038,157100
1641,2,Edwards,1013,137524
1279,1,NridgHt,789,122663
1902,3,Crawfor,514,148762
1151,1,Sawyer,1133,110666
1221,2,NWAmes,904,146371
1205,3,Sawyer,1211,146673
1245,2,Blmngtn,1177,101277
1995,3,Veenker,402,162449
1783,3,Blmngtn,398,117478
2269,4,BrkSide,636,154548
2520,1,SawyerW,530,170531
1036,1,OldTown,1164,81286
1532,3,Somerst,1023,123708
971,2,SawyerW,1285,104522
1150,4,NridgHt,1039,173978
1216,1,Crawfor,973,132018
1024,3,NridgHt,1320,162930
1027,5,SawyerW,1064,167131
1435,1,NWAmes,924,97448
952,2,ClearCr,1418,138963
1879,5,Gilbert,940,189669
1087,3,NWAmes,793,135307
2764,1,CollgCr,607,135282
1297,2,NridgHt,1146,152824
1532,4,NoRidge,1333,214987
917,5,SawyerW,882,155258
2268,2,Sawyer,1358,129434
2004,3,BrkSide,210,131655
1634,4,Crawfor,881,152055
894,1,NridgHt,886,124394
1595,2,Crawfor,646,154869
995,4,OldTown,1734,153375
2158,1,StoneBr,877,161999
1864,4,ClearCr,757,187716
1543,3,Blmngtn,909,157312
480,5,Blmngtn,199,74173
1057,1,Edwards,634,93311
1809,5,NoRidge,1244,268413
2046,2,StoneBr,680,172218
1999,1,Timber,610,118477
784,4,Blmngtn,1358,132639
1636,3,Gilbert,1369,146297
1957,5,Crawfor,1081,203996
754,1,Sawyer,741,84201
1496,1,BrkSide,816,118196
1623,3,StoneBr,619,160650
1365,5,OldTown,552,124544
667,3,Somerst,534,102070
1353,4,Veenker,684,182212
1353,5,StoneBr,538,245262
1433,5,SawyerW,353,124417
1246,3,CollgCr,977,146709
1301,4,OldTown,982,114610
1482,3,BrkSide,1495,158645
1699,4,BrkSide,666,126922
1363,3,ClearCr,1004,130440
1316,3,Crawfor,1009,139036
1542,3,Somerst,811,144591
636,4,NoRidge,1161,150271
1715,4,Mitchel,1171,172065
1500,5,ClearCr,1015,172735
1518,4,ClearCr,811,132578
1932,1,CollgCr,775,152544
621,3,Gilbert,421,99808
612,2,Mitchel,618,97845
1623,1,NoRidge,682,140239
1497,1,Somerst,507,96837
1577,3,NoRidge,1054,186411
1292,5,BrkSide,1319,177281
1799,3,Blmngtn,582,138182
1920,3,Edwards,999,133722
1718,1,SawyerW,538,108012
1383,4,BrkSide,793,164307
552,1,CollgCr,658,74404
1846,5,Veenker,1111,194215
2050,5,Mitchel,662,187967
1790,5,Mitchel,1254,145089
1104,2,StoneBr,814,164160
1803,1,StoneBr,673,167494
1887,2,StoneBr,461,185158
2201,4,Gilbert,989,209210
1106,2,Edwards,1213,102274
1398,5,Gilbert,996,154738
1836,1,OldTown,1684,129250
1526,1,NridgHt,1400,139201
997,2,Timber,792,121905
1687,4,SawyerW,789,173037
1760,4,Gilbert,1064,215178
1540,2,Veenker,607,149904
1599,4,SawyerW,1308,185588
1384,4,NWAmes,1027,147788
2165,3,SawyerW,990,156597
1095,3,Sawyer,1140,128878
1236,1,StoneBr,1503,143991
1505,2,NWAmes,960,138104
1896,3,ClearCr,860,139596
826,1,StoneBr,1428,114600
910,3,Somerst,1239,136082
583,1,BrkSide,788,83468
1515,4,Sawyer,902,128869
997,1,SawyerW,968,111295
1327,1,NridgHt,1027,131119
1798,4,StoneBr,425,190493
1211,2,NWAmes,360,132673
1604,2,Sawyer,589,133040
1365,2,OldTown,562,117223
1802,2,ClearCr,675,175270
1714,4,Somerst,1122,158995
1189,4,Edwards,841,105803
1424,2,Crawfor,969,129646
1970,4,StoneBr,471,192893
1677,4,NWAmes,738,119637
871,3,NWAmes,1106,116220
1795,3,Edwards,1108,126821
1012,5,BrkSide,646,136759
2136,3,StoneBr,957,213076
1961,2,Sawyer,1670,143597
1630,3,Sawyer,894,147957
1571,5,Veenker,657,201947
1406,4,CollgCr,839,143511
1805,1,OldTown,932,109906
1333,3,Blmngtn,847,95492
1606,4,ClearCr,889,141292
1892,2,Gilbert,395,130945
1247,5,Gilbert,563,158725
1223,5,OldTown,848,120719
963,5,NoRidge,842,164165
1021,1,CollgCr,702,92120
677,3,NWAmes,838,106263
1828,3,Somerst,921,167529
2314,4,NoRidge,1211,255688
2141,5,Mitchel,865,184590
768,2,CollgCr,1040,90602
1826,3,Edwards,710,119249
2140,4,ClearCr,1100,178391
1294,4,NridgHt,1032,167729
1546,4,BrkSide,1203,149419
596,2,OldTown,1150,100397
1620,5,Somerst,1106,201370
1021,1,Crawfor,866,99934
1590,3,Edwards,986,137138
797,4,Edwards,1272,117436
1744,1,CollgCr,672,119742
1961,3,OldTown,680,151003
1148,3,Somerst,964,129974
988,4,NoRidge,1045,141756
530,1,NridgHt,612,97829
1380,2,Sawyer,874,121629
1238,2,Gilbert,867,125672
802,4,NridgHt,125,126803
1704,2,Blmngtn,823,116350
1298,3,Timber,845,150001
1016,4,Gilbert,844,138900
1250,4,StoneBr,1396,193397
1982,1,BrkSide,474,120831
1771,5,Blmngtn,611,138195
1441,1,SawyerW,0,92445
1779,1,Gilbert,732,103899
978,1,ClearCr,762,108964
1515,2,Sawyer,722,104014
1566,5,NridgHt,1288,217606
1289,2,Somerst,1201,138820
1696,4,Blmngtn,927,162206
1149,3,Gilbert,770,115817
1729,1,Timber,1259,141068
1748,3,BrkSide,893,167756
480,1,StoneBr,614,113718
2036,3,Veenker,299,187466
480,3,Crawfor,746,102146
1223,3,Sawyer,1164,113187
1961,2,SawyerW,1697,178019
1357,4,Timber,922,152650
840,3,OldTown,632,103013
1008,2,Gilbert,485,104177
1962,3,Sawyer,1093,150227
635,1,Blmngtn,282,74811
2008,5,Gilbert,1093,213340
1475,4,OldTown,1186,150342
963,2,Blmngtn,1053,97358
1238,4,Veenker,823,135374
1042,4,Blmngtn,1098,154534
1890,4,Crawfor,960,251002
1830,1,Somerst,628,136999
726,5,Timber,1548,123735
1318,5,SawyerW,777,139974
1112,5,Blmngtn,1172,151871
2082,5,SawyerW,53,195411
892,5,Gilbert,1347,134086
2222,4,NWAmes,1414,194588
1485,1,CollgCr,910,130993
977,3,Crawfor,1096,148998
1195,2,Somerst,1095,121678
1139,2,CollgCr,675,99659
926,5,Sawyer,1091,143146
1543,5,SawyerW,617,182946
947,3,Blmngtn,687,105280
519,4,BrkSide,1294,103696
1329,1,StoneBr,1241,141072
689,2,Blmngtn,653,78173
1162,5,StoneBr,643,201457
1091,3,BrkSide,674,114939
1108,3,Somerst,1156,142652
2400,3,Blmngtn,550,182313
1525,2,Mitchel,1025,113648
1610,5,OldTown,1161,148363
701,4,Veenker,869,130958
1206,4,Timber,1254,145695
1597,2,Gilbert,793,155606
1039,4,Veenker,825,145116
1909,5,NoRidge,558,195916
959,4,Sawyer,1256,128410
1371,3,Sawyer,632,126017
1236,2,Timber,1022,145003
1574,3,Mitchel,875,145075
1212,2,ClearCr,532,122610
1378,4,BrkSide,687,135903
1394,1,Timber,1384,129627
1170,1,Mitchel,971,97334
1718,4,CollgCr,547,169316
1607,2,CollgCr,1007,139571
1460,3,NWAmes,849,172342
1306,3,Blmngtn,2109,175599
1858,3,CollgCr,1000,180106
1394,4,NWAmes,767,154609
1362,2,Veenker,1397,151927
1547,4,ClearCr,256,123966
2263,2,NridgHt,933,181460
897,2,SawyerW,1598,118784
1846,3,NridgHt,859,188311
648,5,Gilbert,293,124232
1598,2,SawyerW,761,145599
2209,3,CollgCr,1409,175615
1720,1,StoneBr,1032,148162
1577,1,SawyerW,606,139172
1248,4,SawyerW,660,149467
1514,4,OldTown,704,127112
1387,2,Timber,1026,134109
1146,4,NWAmes,1368,147636
1370,2,CollgCr,1268,142046
1589,2,ClearCr,1060,148369
1155,3,Mitchel,434,154893
1137,2,Veenker,435,126472
888,5,Gilbert,1087,161184
1676,3,Mitchel,429,108488
1745,2,StoneBr,821,160228
1604,3,OldTown,1006,152710
1934,4,CollgCr,502,179088
1540,2,Blmngtn,542,68868
1676,5,Sawyer,867,176701
1637,3,Mitchel,1076,182461
1459,4,NridgHt,1272,150768
1261,5,Sawyer,1112,180663
2496,3,CollgCr,926,134020
1297,1,SawyerW,639,121434
1200,4,OldTown,525,117932
1695,1,NridgHt,721,111321
1613,3,ClearCr,1043,160820
868,5,Edwards,1018,134457
2005,3,NridgHt,165,178487
1458,4,Mitchel,625,150101
1000,3,Mitchel,1322,117390
2035,2,OldTown,928,106135
1782,2,StoneBr,404,174821
931,3,Sawyer,1725,153875
2300,1,NWAmes,890,166876
1796,3,Timber,1035,129100
1495,3,StoneBr,1040,148735
2216,5,ClearCr,771,177085
1572,1,Somerst,645,100984
1487,5,NridgHt,1643,222322
1203,3,Edwards,1251,123149
1762,4,BrkSide,1188,131344
1714,3,OldTown,1102,150814
1507,2,Crawfor,549,145999
1145,5,Mitchel,1347,143479
1558,2,Sawyer,605,117157
1469,1,StoneBr,999,118686
900,4,StoneBr,326,136302
838,4,NoRidge,186,138565
1754,5,NridgHt,1011,219722
480,3,Veenker,617,104421
1592,1,NridgHt,204,137044
1285,1,NWAmes,1089,114340
2089,3,BrkSide,1642,171224
1278,2,NridgHt,1386,177514
1797,5,OldTown,810,155556
1321,1,Timber,903,125414
1551,5,Sawyer,1211,162523
1832,2,Blmngtn,1293,129762
1292,1,Gilbert,780,127444
1948,2,Somerst,912,140969
1053,1,SawyerW,1005,110505
1633,3,OldTown,1094,134935
1915,2,Sawyer,853,130367
1797,3,Crawfor,858,159357
2362,3,Crawfor,1383,189240
1156,1,Edwards,1323,81762
879,1,NoRidge,1067,132584
1053,1,Blmngtn,1502,109693
1797,1,StoneBr,765,174240
1724,1,NridgHt,1468,155964
1546,2,SawyerW,1090,169607
995,3,Edwards,2045,117270
1845,2,Veenker,483,136531
949,2,OldTown,659,83030
2022,3,BrkSide,1047,121211
2786,3,ClearCr,1039,230304
1665,2,NoRidge,1583,225496
1762,2,BrkSide,666,132083
1278,3,NWAmes,1217,126520
685,1,Crawfor,1307,128310
1229,3,Veenker,1147,147332
1008,5,NWAmes,564,132077
849,2,Veenker,1393,151293
2275,1,Veenker,1330,187843
1623,4,NWAmes,1110,215571
1671,1,NoRidge,972,166241
1361,1,Sawyer,979,105364
1422,1,CollgCr,872,116151
1934,5,Somerst,1124,157950
1485,5,BrkSide,911,146092
1739,3,Blmngtn,603,153797
1412,4,Gilbert,533,163324
1346,4,StoneBr,637,174706
867,4,NWAmes,978,112150
610,3,BrkSide,891,93409
1382,5,OldTown,975,163545
1525,4,StoneBr,1075,206251
921,1,Blmngtn,680,91350
1484,2,Blmngtn,1413,118993
1524,5,SawyerW,806,181587
530,3,Sawyer,748,60051
1088,2,Sawyer,1069,116149
1683,5,Blmngtn,257,200621
1674,4,Somerst,623,132666
981,3,NWAmes,1243,123706
1571,3,ClearCr,292,134586
1960,1,NWAmes,1291,136896
1850,2,Mitchel,1429,168054
1457,3,Edwards,771,125000
1289,5,Somerst,1002,166890
1217,2,ClearCr,1292,143311
1711,1,ClearCr,737,127341
1588,3,Somerst,1204,229443
1783,5,Sawyer,665,165178
1559,3,Blmngtn,733,133788
1868,2,SawyerW,620,110903
1543,4,NoRidge,1020,187309
1853,4,Edwards,1305,175670
1892,2,Gilbert,836,130271
1138,5,Gilbert,455,115184
686,3,CollgCr,521,105155
2195,1,Somerst,1038,175649
1615,3,StoneBr,1545,199653
728,5,Mitchel,1038,118010
1179,2,Somerst,765,96007
1847,3,Somerst,1168,175151
1374,4,NoRidge,816,200257
1270,4,Crawfor,768,124087
2130,5,NWAmes,565,212048
1029,1,StoneBr,1393,151215
1141,3,CollgCr,11,135135
1595,3,Somerst,1179,167724
1676,1,Veenker,738,151160
1723,4,Edwards,756,145611
1910,1,Mitchel,1492,155560
1589,3,Timber,650,118225
1720,2,Edwards,662,95910
1383,1,Timber,854,111770
1528,5,Gilbert,1045,180807
1548,2,OldTown,745,120776
1597,2,StoneBr,349,158574
1848,5,BrkSide,597,180307
1750,5,Blmngtn,1348,202458
1520,1,Blmngtn,926,102170
1136,2,Edwards,1058,105951
1530,4,NridgHt,809,164623
1487,4,Mitchel,669,138854
1587,5,Timber,1487,203241
2493,3,NridgHt,834,137548
1264,1,ClearCr,745,150211
1690,5,Mitchel,1284,190311
1981,1,Timber,647,127775
1544,1,BrkSide,692,135904
2552,4,NoRidge,904,232601
1330,4,NoRidge,900,187818
1646,1,Edwards,991,103147
1141,1,Somerst,1632,151815
1342,3,Veenker,1018,154225
1612,2,OldTown,68,107791
1881,4,Gilbert,1014,212446
1644,3,Somerst,913,163194
2067,3,Blmngtn,915,149995
1457,3,Timber,986,170537
1351,2,Sawyer,890,159683
2717,2,ClearCr,882,177549
1677,4,OldTown,1115,149860
1176,3,Crawfor,710,139221
1188,3,CollgCr,568,152507
1076,3,ClearCr,1958,138164
1921,2,Blmngtn,649,125635
1336,5,SawyerW,935,131478
1557,3,Veenker,377,130776
1471,4,Somerst,941,148606
1829,5,CollgCr,573,181330
1119,5,CollgCr,745,189630
1016,4,Mitchel,1266,142171
1601,4,Edwards,1065,124575
1770,3,Veenker,1099,162307
1650,4,Blmngtn,280,159660
1136,2,BrkSide,1543,134210
1805,4,Mitchel,483,150083
1165,1,Sawyer,1435,105417
